{"cameraMode":{"drawMode":0,"name":"Shaded","section":"Shading Mode"},"sceneLighting":true,"audioPlay":false,"sceneViewState":{"m_AlwaysRefresh":false,"showFog":true,"showSkybox":true,"showFlares":true,"showImageEffects":true,"showParticleSystems":true,"showVisualEffectGraphs":true,"m_FxEnabled":true},"in2DMode":false,"pivot":{"x":-0.49503517150878909,"y":-6.137152194976807,"z":-11.114432334899903},"rotation":{"x":0.06483066827058792,"y":0.8765053153038025,"z":-0.12338116765022278,"w":0.461065411567688},"size":12.080998420715332,"orthographic":false}